[
    {
      "id": 1,
      "name": "Кольцо 'Звезда ночи'",
      "description": "Серебряное кольцо с сапфиром, вдохновлённое ночным небом.",
      "price": 950,
      "image": "https://st.violity.com/auction/big/auctions/14/96/7/5/149607534.jpg",
      "category": "Кольца",
      "sizes": [16, 17, 18]
    },
    {
      "id": 2,
      "name": "Серьги 'Капля росы'",
      "description": "Золотые серьги с изящными вставками из топаза.",
      "price": 1200,
      "image": "https://encrypted-tbn0.gstatic.com/images?q=tbn:ANd9GcQ5Cxu4cyCSLEJBs7e9E_2yy-eGJRQWQYBE-A&s",
      "category": "Серьги",
      "sizes": [3, 4]
    },
    {
      "id": 3,
      "name": "Браслет 'Лунный свет'",
      "description": "Изящный браслет из белого золота с цирконами.",
      "price": 1500,
      "image": "https://i.pinimg.com/736x/dc/fa/a6/dcfaa64003944214e56ce490e05a12a3.jpg",
      "category": "Браслеты",
      "sizes": [17, 18, 19]
    },
    {
      "id": 4,
      "name": "Колье 'Золотая линия'",
      "description": "Минималистичное колье из золота 585 пробы.",
      "price": 2100,
      "image": "https://encrypted-tbn0.gstatic.com/images?q=tbn:ANd9GcRKFt8GwuPjFuw81u0G7_ABzsZ4d3ixEak3bQ&s",
      "category": "Колье",
      "sizes": [40, 45, 50]
    },
    {
      "id": 5,
      "name": "Брошь 'Винтажная роза'",
      "description": "Ажурная брошь с эмалью в виде цветка розы.",
      "price": 870,
      "image": "https://encrypted-tbn0.gstatic.com/images?q=tbn:ANd9GcSn51ezEIpE1M8q9IynaP86sn9GS_H4hn-jOA&s",
      "category": "Броши",
      "sizes": [5]
    },
    {
      "id": 6,
      "name": "Подвеска 'Сияние'",
      "description": "Серебряная подвеска с фианитом в форме сердца.",
      "price": 690,
      "image": "https://encrypted-tbn0.gstatic.com/images?q=tbn:ANd9GcQbd-fHAN3hg3HEvm162Sqpqp4uuQqPToWSaQ&s",
      "category": "Подвески",
      "sizes": [40, 45]
    }
  ]
  